pressed,y,vel,dist,mid1,mid2
0,297.15,-4.80,348.00,440.33,300.00
0,252.95,-2.20,322.00,440.33,300.00
0,241.95,0.00,300.00,440.33,300.00
0,257.55,2.40,276.00,440.33,300.00
0,301.95,4.80,252.00,440.33,300.00
1,375.15,7.20,228.00,440.33,300.00
0,486.95,-5.00,202.00,440.33,300.00
0,445.15,-2.80,180.00,440.33,300.00
0,427.15,-0.40,156.00,440.33,300.00
0,435.95,1.80,134.00,440.33,300.00
1,473.15,4.20,110.00,440.33,300.00
0,467.75,-3.60,86.00,440.33,287.06
0,440.15,-1.20,62.00,440.33,287.06
0,441.35,1.20,38.00,440.33,287.06
1,471.35,3.60,14.00,440.33,287.06
0,447.35,-3.20,-10.00,440.33,287.06
0,424.55,-0.80,-34.00,440.33,287.06
1,430.55,1.60,-58.00,440.33,287.06
0,412.15,-3.60,166.00,287.06,300.00
0,384.55,-1.20,142.00,287.06,300.00
1,385.75,1.20,118.00,287.06,300.00
0,354.55,-3.20,94.00,287.06,153.39
1,331.75,-0.80,70.00,287.06,153.39
0,331.35,-4.80,46.00,287.06,153.39
0,289.35,-2.40,22.00,287.06,153.39
1,276.15,0.00,-2.00,287.06,153.39
0,241.35,-3.20,-26.00,287.06,153.39
0,218.55,-0.80,-50.00,287.06,153.39
0,224.55,1.60,176.00,153.39,300.00
1,259.35,4.00,152.00,153.39,300.00
0,236.55,-3.20,128.00,153.39,300.00
1,213.75,-0.80,104.00,153.39,300.00
0,201.75,-4.40,80.00,153.39,370.27
0,164.55,-2.00,56.00,153.39,370.27
0,156.15,0.40,32.00,153.39,370.27
1,176.55,2.80,8.00,153.39,370.27
0,156.95,-3.40,-16.00,153.39,370.27
0,131.75,-1.00,-40.00,153.39,370.27
0,135.35,1.40,186.00,370.27,300.00
0,167.75,3.80,162.00,370.27,300.00
0,228.95,6.20,138.00,370.27,300.00
1,318.95,8.60,114.00,370.27,300.00
0,437.75,-5.00,90.00,370.27,175.55
0,393.35,-2.60,66.00,370.27,175.55
0,377.75,-0.20,42.00,370.27,175.55
1,390.95,2.20,18.00,370.27,175.55
0,375.55,-3.60,-6.00,370.27,175.55
1,347.95,-1.20,-30.00,370.27,175.55
0,343.15,-4.80,-54.00,370.27,175.55
0,301.15,-2.40,172.00,175.55,300.00
1,287.95,0.00,148.00,175.55,300.00
0,246.35,-2.80,124.00,175.55,300.00
0,228.35,-0.40,100.00,175.55,300.00
1,239.15,2.00,76.00,175.55,313.55
0,204.75,-3.00,52.00,175.55,313.55
0,184.35,-0.60,28.00,175.55,313.55
1,192.75,1.80,4.00,175.55,313.55
0,220.95,-4.80,-20.00,175.55,313.55
0,178.95,-2.40,-44.00,175.55,313.55
0,165.75,0.00,182.00,313.55,300.00
0,181.35,2.40,158.00,313.55,300.00
0,225.75,4.80,134.00,313.55,300.00
1,298.95,7.20,110.00,313.55,300.00
0,332.95,-4.00,86.00,313.55,427.18
0,300.55,-1.60,62.00,313.55,427.18
0,296.95,0.80,38.00,313.55,427.18
1,318.95,3.00,16.00,313.55,427.18
0,280.35,-2.80,-8.00,313.55,427.18
0,262.35,-0.40,-32.00,313.55,427.18
0,273.15,2.00,-56.00,313.55,427.18
0,312.75,4.40,170.00,427.18,300.00
1,381.15,6.80,146.00,427.18,300.00
0,478.35,-5.00,122.00,427.18,300.00
0,433.95,-2.60,98.00,427.18,158.32
0,418.55,-0.40,76.00,427.18,158.32
1,429.35,2.00,52.00,427.18,158.32
0,459.75,-4.80,28.00,427.18,158.32
0,415.55,-2.20,2.00,427.18,158.32
0,404.55,0.00,-20.00,427.18,158.32
1,420.15,2.40,-44.00,427.18,158.32
0,464.55,-5.00,182.00,158.32,300.00
0,417.75,-2.40,156.00,158.32,300.00
1,404.55,-0.20,134.00,158.32,300.00
0,373.75,-3.40,108.00,158.32,300.00
1,349.55,-1.20,86.00,158.32,248.17
1,306.75,-2.80,62.00,158.32,248.17
0,296.44,-4.80,348.00,320.52,300.00
0,252.24,-2.20,322.00,320.52,300.00
0,241.24,0.00,300.00,320.52,300.00
0,256.84,2.40,276.00,320.52,300.00
1,301.24,4.80,252.00,320.52,300.00
0,350.84,-4.60,228.00,320.52,300.00
0,309.24,-2.00,202.00,320.52,300.00
0,300.44,0.20,180.00,320.52,300.00
0,318.44,2.60,156.00,320.52,300.00
1,365.24,5.00,132.00,320.52,300.00
0,363.84,-3.60,108.00,320.52,300.00
0,336.24,-1.20,84.00,320.52,423.08
1,337.44,1.20,60.00,320.52,423.08
0,317.04,-3.60,36.00,320.52,423.08
0,289.44,-1.20,12.00,320.52,423.08
0,290.64,1.20,-12.00,320.52,423.08
1,320.64,3.60,-36.00,320.52,423.08
0,329.44,-4.00,188.00,423.08,300.00
0,297.04,-1.60,164.00,423.08,300.00
0,293.44,0.80,140.00,423.08,300.00
0,318.64,3.20,116.00,423.08,300.00
1,372.64,5.60,92.00,423.08,273.68
0,455.44,-5.00,68.00,423.08,273.68
0,411.04,-2.60,44.00,423.08,273.68
0,395.44,-0.20,20.00,423.08,273.68
1,408.64,2.20,-4.00,423.08,273.68
0,455.44,-5.00,-30.00,423.08,273.68
0,411.04,-2.60,-54.00,423.08,273.68
1,395.64,-0.40,174.00,273.68,300.00
0,367.24,-3.60,150.00,273.68,300.00
0,339.64,-1.20,126.00,273.68,300.00
1,340.84,1.20,102.00,273.68,300.00
0,362.44,-4.80,78.00,273.68,159.15
0,318.24,-2.20,52.00,273.68,159.15
1,307.24,0.00,30.00,273.68,159.15
0,280.84,-3.60,6.00,273.68,159.15
0,253.24,-1.20,-18.00,273.68,159.15
1,255.84,1.40,-44.00,273.68,159.15
0,288.24,-5.00,182.00,159.15,300.00
0,246.44,-2.80,160.00,159.15,300.00
1,228.44,-0.40,136.00,159.15,300.00
0,241.44,-5.00,110.00,159.15,300.00
0,197.04,-2.60,86.00,159.15,337.27
0,181.64,-0.40,64.00,159.15,337.27
1,192.44,2.00,40.00,159.15,337.27
0,152.84,-2.80,16.00,159.15,337.27
0,134.84,-0.40,-8.00,159.15,337.27
0,145.64,2.00,-32.00,159.15,337.27
0,185.24,4.40,-56.00,159.15,337.27
0,253.64,6.80,170.00,337.27,300.00
1,350.84,9.20,146.00,337.27,300.00
0,318.44,-2.80,122.00,337.27,300.00
0,300.44,-0.40,98.00,337.27,365.13
0,311.24,2.00,74.00,337.27,365.13
1,350.84,4.40,50.00,337.27,365.13
0,313.64,-2.80,26.00,337.27,365.13
0,295.64,-0.40,2.00,337.27,365.13
0,306.44,2.00,-22.00,337.27,365.13
1,346.04,4.40,-46.00,337.27,365.13
0,308.84,-2.80,180.00,365.13,300.00
0,290.84,-0.40,156.00,365.13,300.00
0,299.64,1.80,134.00,365.13,300.00
1,336.84,4.20,110.00,365.13,300.00
0,391.44,-4.80,86.00,365.13,414.12
0,349.44,-2.40,62.00,365.13,414.12
0,336.24,0.00,38.00,365.13,414.12
1,351.84,2.40,14.00,365.13,414.12
0,386.64,-4.80,-10.00,365.13,414.12
0,342.44,-2.20,-36.00,365.13,414.12
0,331.44,0.00,-58.00,365.13,414.12
1,347.04,2.40,168.00,414.12,300.00
0,396.44,-5.00,142.00,414.12,300.00
0,354.64,-2.80,120.00,414.12,300.00
0,336.64,-0.40,96.00,414.12,371.14
0,347.44,2.00,72.00,414.12,371.14
1,387.04,4.40,48.00,414.12,371.14
0,421.84,-4.40,24.00,414.12,371.14
0,384.64,-2.00,0.00,414.12,371.14
0,375.84,0.20,-22.00,414.12,371.14
1,393.84,2.60,-46.00,414.12,371.14
0,387.84,-3.80,180.00,371.14,300.00
0,357.84,-1.40,156.00,371.14,300.00
0,356.64,1.00,132.00,371.14,300.00
1,384.24,3.40,108.00,371.14,300.00
0,440.64,-5.00,84.00,371.14,195.41
0,396.24,-2.60,60.00,371.14,195.41
0,380.64,-0.20,36.00,371.14,195.41
1,393.84,2.20,12.00,371.14,195.41
0,400.64,-4.20,-12.00,371.14,195.41
0,365.84,-1.80,-36.00,371.14,195.41
1,359.84,0.60,190.00,195.41,300.00
0,336.44,-3.60,166.00,195.41,300.00
1,308.84,-1.20,142.00,195.41,300.00
0,304.04,-4.80,118.00,195.41,300.00
0,262.04,-2.40,94.00,195.41,269.47
1,248.84,0.00,70.00,195.41,269.47
0,204.64,-2.60,44.00,195.41,269.47
0,189.24,-0.40,22.00,195.41,269.47
1,200.04,2.00,-2.00,195.41,269.47
0,239.64,-5.00,-26.00,195.41,269.47
0,195.24,-2.60,-50.00,195.41,269.47
0,179.64,-0.20,176.00,269.47,300.00
0,192.84,2.20,152.00,269.47,300.00
0,234.84,4.60,128.00,269.47,300.00
1,305.64,7.00,104.00,269.47,300.00
0,314.24,-3.60,80.00,269.47,383.07
0,286.64,-1.20,56.00,269.47,383.07
1,287.84,1.20,32.00,269.47,383.07
0,273.44,-3.80,8.00,269.47,383.07
0,243.44,-1.40,-16.00,269.47,383.07
0,242.24,1.00,-40.00,269.47,383.07
0,269.84,3.40,186.00,383.07,300.00
1,326.24,5.80,162.00,383.07,300.00
0,373.64,-4.40,138.00,383.07,300.00
0,336.44,-2.00,114.00,383.07,300.00
0,328.04,0.40,90.00,383.07,317.49
0,348.44,2.80,66.00,383.07,317.49
1,397.64,5.20,42.00,383.07,317.49
0,364.04,-3.00,20.00,383.07,317.49
0,343.64,-0.60,-4.00,383.07,317.49
0,352.04,1.80,-28.00,383.07,317.49
1,389.24,4.20,-52.00,383.07,317.49
0,383.84,-3.60,174.00,317.49,300.00
0,356.24,-1.20,150.00,317.49,300.00
1,357.44,1.20,126.00,317.49,300.00
0,343.04,-3.80,102.00,317.49,300.00
0,313.04,-1.40,78.00,317.49,160.38
1,311.84,1.00,54.00,317.49,160.38
0,331.24,-4.80,30.00,317.49,160.38
0,287.04,-2.20,4.00,317.49,160.38
0,276.04,0.00,-18.00,317.49,160.38
1,294.24,2.60,-44.00,317.49,160.38
0,292.04,-4.00,184.00,160.38,300.00
0,259.64,-1.60,160.00,160.38,300.00
1,256.04,0.80,136.00,160.38,300.00
0,223.64,-3.20,112.00,160.38,300.00
1,200.84,-0.80,88.00,160.38,448.95
0,200.44,-4.80,64.00,160.38,448.95
0,158.44,-2.40,40.00,160.38,448.95
0,145.24,0.00,16.00,160.38,448.95
1,160.84,2.40,-8.00,160.38,448.95
0,177.64,-4.40,-32.00,160.38,448.95
0,140.44,-2.00,-56.00,160.38,448.95
0,132.04,0.40,170.00,448.95,300.00
0,152.44,2.80,146.00,448.95,300.00
0,201.64,5.20,122.00,448.95,300.00
0,279.64,7.60,98.00,448.95,413.87
1,386.44,10.00,74.00,448.95,413.87
0,455.64,-4.20,50.00,448.95,413.87
0,420.84,-1.80,26.00,448.95,413.87
0,414.84,0.60,2.00,448.95,413.87
1,437.64,3.00,-22.00,448.95,413.87
0,494.84,-5.00,-48.00,448.95,413.87
0,450.44,-2.60,178.00,413.87,300.00
0,435.04,-0.40,156.00,413.87,300.00
1,445.84,2.00,132.00,413.87,300.00
0,459.04,-4.40,108.00,413.87,300.00
0,421.84,-2.00,84.00,413.87,185.72
0,413.44,0.40,60.00,413.87,185.72
1,433.84,2.80,36.00,413.87,185.72
0,395.04,-2.80,12.00,413.87,185.72
0,377.04,-0.40,-12.00,413.87,185.72
1,387.84,2.00,-36.00,413.87,185.72
0,385.44,-4.00,190.00,185.72,300.00
1,353.04,-1.60,166.00,185.72,300.00
0,350.44,-5.00,140.00,185.72,300.00
0,308.64,-2.80,118.00,185.72,300.00
1,290.64,-0.40,94.00,185.72,401.66
0,262.24,-3.60,70.00,185.72,401.66
1,234.64,-1.20,46.00,185.72,401.66
0,209.84,-4.00,22.00,185.72,401.66
0,177.44,-1.60,-2.00,185.72,401.66
1,173.84,0.80,-26.00,185.72,401.66
0,183.44,-4.60,-50.00,185.72,401.66
0,143.84,-2.20,176.00,401.66,300.00
0,133.04,0.20,152.00,401.66,300.00
0,148.44,2.40,130.00,401.66,300.00
0,192.84,4.80,106.00,401.66,300.00
0,266.04,7.20,82.00,401.66,231.93
1,368.04,9.60,58.00,401.66,231.93
0,434.04,-4.20,34.00,401.66,231.93
0,399.24,-1.80,10.00,401.66,231.93
0,393.24,0.60,-14.00,401.66,231.93
1,416.04,3.00,-38.00,401.66,231.93
0,390.24,-3.20,188.00,231.93,300.00
0,367.44,-0.80,164.00,231.93,300.00
1,373.44,1.60,140.00,231.93,300.00
0,338.24,-3.00,116.00,231.93,300.00
1,317.84,-0.60,92.00,231.93,351.56
0,307.64,-4.40,68.00,231.93,351.56
0,270.44,-2.00,44.00,231.93,351.56
1,262.04,0.40,20.00,231.93,351.56
0,272.24,-4.80,-2.00,231.93,351.56
0,230.24,-2.40,-26.00,231.93,351.56
0,217.04,0.00,-50.00,231.93,351.56
0,232.64,2.40,176.00,351.56,300.00
0,277.04,4.80,152.00,351.56,300.00
1,350.24,7.20,128.00,351.56,300.00
0,423.84,-4.60,104.00,351.56,300.00
0,384.24,-2.20,80.00,351.56,411.62
0,373.44,0.20,56.00,351.56,411.62
1,391.44,2.60,32.00,351.56,411.62
0,352.44,-2.80,8.00,351.56,411.62
0,334.44,-0.40,-16.00,351.56,411.62
1,345.24,2.00,-40.00,351.56,411.62
0,342.84,-4.00,186.00,411.62,300.00
0,310.44,-1.60,162.00,411.62,300.00
0,306.84,0.80,138.00,411.62,300.00
0,332.04,3.20,114.00,411.62,300.00
0,386.04,5.60,90.00,411.62,242.23
1,468.84,8.00,66.00,411.62,242.23
0,435.24,-2.80,42.00,411.62,242.23
0,417.24,-0.40,18.00,411.62,242.23
1,428.04,2.00,-6.00,411.62,242.23
0,441.24,-4.40,-30.00,411.62,242.23
0,404.04,-2.00,-54.00,411.62,242.23
1,395.64,0.40,172.00,242.23,300.00
0,388.04,-4.20,148.00,242.23,300.00
0,353.24,-1.80,124.00,242.23,300.00
1,347.24,0.60,100.00,242.23,300.00
0,323.84,-3.60,76.00,242.23,304.99
1,296.24,-1.20,52.00,242.23,304.99
0,280.64,-4.40,28.00,242.23,304.99
1,243.44,-2.00,4.00,242.23,304.99
0,213.64,-4.00,-18.00,242.23,304.99
0,179.84,-1.40,-44.00,242.23,304.99
0,177.64,0.80,184.00,304.99,300.00
0,202.84,3.20,160.00,304.99,300.00
0,256.84,5.60,136.00,304.99,300.00
1,339.64,8.00,112.00,304.99,300.00
0,436.04,-4.80,88.00,304.99,394.24
0,394.04,-2.40,64.00,304.99,394.24
0,275.82,-3.80,338.00,413.18,300.00
0,245.82,-1.40,314.00,413.18,300.00
0,244.62,1.00,290.00,413.18,300.00
0,272.22,3.40,266.00,413.18,300.00
0,328.62,5.80,242.00,413.18,300.00
1,413.82,8.20,218.00,413.18,300.00
0,380.42,-2.80,194.00,413.18,300.00
0,362.42,-0.40,170.00,413.18,300.00
0,373.22,2.00,146.00,413.18,300.00
1,412.82,4.40,122.00,413.18,300.00
0,427.22,-4.00,98.00,413.18,449.45
0,394.82,-1.60,74.00,413.18,449.45
0,391.22,0.80,50.00,413.18,449.45
1,416.42,3.20,26.00,413.18,449.45
0,378.02,-2.80,2.00,413.18,449.45
0,360.02,-0.40,-22.00,413.18,449.45
0,368.82,1.80,-44.00,413.18,449.45
1,406.02,4.20,180.00,449.45,300.00
0,478.82,-5.00,154.00,449.45,300.00
0,437.02,-2.80,132.00,449.45,300.00
0,419.02,-0.40,108.00,449.45,300.00
0,429.82,2.00,84.00,449.45,411.39
1,469.42,4.40,60.00,449.45,411.39
0,474.22,-3.80,36.00,449.45,411.39
0,444.22,-1.40,12.00,449.45,411.39
0,443.02,1.00,-12.00,449.45,411.39
1,470.62,3.40,-36.00,449.45,411.39
0,453.42,-3.40,190.00,411.39,300.00
0,428.22,-1.00,166.00,411.39,300.00
1,431.82,1.40,142.00,411.39,300.00
0,439.62,-4.40,118.00,411.39,300.00
0,402.42,-2.00,94.00,411.39,378.25
0,394.02,0.40,70.00,411.39,378.25
1,414.42,2.80,46.00,411.39,378.25
0,453.62,-4.80,22.00,411.39,378.25
0,411.62,-2.40,-2.00,411.39,378.25
0,398.42,0.00,-26.00,411.39,378.25
1,414.02,2.40,-50.00,411.39,378.25
0,414.42,-4.00,176.00,378.25,300.00
0,382.02,-1.60,152.00,378.25,300.00
0,378.42,0.80,128.00,378.25,300.00
1,403.62,3.20,104.00,378.25,300.00
0,409.62,-4.00,80.00,378.25,254.80
0,377.22,-1.60,56.00,378.25,254.80
0,373.62,0.80,32.00,378.25,254.80
1,398.82,3.20,8.00,378.25,254.80
0,360.42,-2.80,-16.00,378.25,254.80
0,342.42,-0.40,-40.00,378.25,254.80
1,353.22,2.00,186.00,254.80,300.00
0,366.42,-4.40,162.00,254.80,300.00
0,327.42,-1.80,136.00,254.80,300.00
1,320.82,0.40,114.00,254.80,300.00
0,319.62,-4.40,90.00,254.80,294.19
0,282.42,-2.00,66.00,254.80,294.19
1,274.02,0.40,42.00,254.80,294.19
0,249.62,-3.60,18.00,254.80,294.19
0,222.02,-1.20,-6.00,254.80,294.19
0,223.22,1.20,-30.00,254.80,294.19
1,253.22,3.60,-54.00,254.80,294.19
0,262.02,-4.00,172.00,294.19,300.00
0,229.62,-1.60,148.00,294.19,300.00
0,226.02,0.80,124.00,294.19,300.00
0,251.22,3.20,100.00,294.19,300.00
1,305.22,5.60,76.00,294.19,427.63
0,328.02,-4.00,52.00,294.19,427.63
0,295.62,-1.60,28.00,294.19,427.63
0,292.02,0.80,4.00,294.19,427.63
1,317.22,3.20,-20.00,294.19,427.63
0,285.22,-3.00,-44.00,294.19,427.63
0,264.82,-0.60,182.00,427.63,300.00
0,273.22,1.80,158.00,427.63,300.00
0,310.42,4.20,134.00,427.63,300.00
1,376.42,6.60,110.00,427.63,300.00
0,471.22,-5.00,86.00,427.63,173.15
0,429.42,-2.80,64.00,427.63,173.15
0,411.42,-0.40,40.00,427.63,173.15
1,422.22,2.00,16.00,427.63,173.15
0,419.82,-4.00,-8.00,427.63,173.15
0,387.42,-1.60,-32.00,427.63,173.15
1,383.82,0.80,-56.00,427.63,173.15
0,409.02,-5.00,170.00,173.15,300.00
0,364.62,-2.60,146.00,173.15,300.00
1,349.02,-0.20,122.00,173.15,300.00
0,310.02,-3.00,100.00,173.15,300.00
1,289.62,-0.60,76.00,173.15,199.70
1,247.42,-2.80,52.00,173.15,199.70
0,217.42,-4.40,28.00,173.15,199.70
0,180.22,-2.00,4.00,173.15,199.70
0,171.82,0.40,-20.00,173.15,199.70
0,192.22,2.80,-44.00,173.15,199.70
1,241.42,5.20,182.00,199.70,300.00
0,205.02,-2.80,158.00,199.70,300.00
0,187.02,-0.40,134.00,199.70,300.00
1,197.82,2.00,110.00,199.70,300.00
0,181.42,-3.60,86.00,199.70,226.29
0,153.82,-1.20,62.00,199.70,226.29
0,155.02,1.20,38.00,199.70,226.29
1,185.02,3.60,14.00,199.70,226.29
0,176.62,-3.60,-10.00,199.70,226.29
0,149.02,-1.20,-34.00,199.70,226.29
0,150.22,1.20,-58.00,199.70,226.29
1,180.22,3.60,168.00,226.29,300.00
0,228.22,-4.80,144.00,226.29,300.00
0,186.22,-2.40,120.00,226.29,300.00
0,173.02,0.00,96.00,226.29,321.29
0,188.62,2.40,72.00,226.29,321.29
1,233.02,4.80,48.00,226.29,321.29
0,196.22,-2.80,24.00,226.29,321.29
0,178.22,-0.40,0.00,226.29,321.29
0,189.02,2.00,-24.00,226.29,321.29
1,228.62,4.40,-48.00,226.29,321.29
0,253.02,-4.20,178.00,321.29,300.00
0,218.22,-1.80,154.00,321.29,300.00
0,212.22,0.60,130.00,321.29,300.00
0,235.02,3.00,106.00,321.29,300.00
1,286.62,5.40,82.00,321.29,191.07
0,354.42,-4.80,58.00,321.29,191.07
0,310.22,-2.20,32.00,321.29,191.07
0,299.22,0.00,10.00,321.29,191.07
1,314.82,2.40,-14.00,321.29,191.07
0,315.22,-4.00,-38.00,321.29,191.07
0,282.82,-1.60,188.00,191.07,300.00
1,279.22,0.80,164.00,191.07,300.00
0,307.82,-5.00,138.00,191.07,300.00
0,266.02,-2.80,116.00,191.07,300.00
0,248.02,-0.40,92.00,191.07,337.93
1,258.82,2.00,68.00,191.07,337.93
0,249.22,-3.80,44.00,191.07,337.93
0,219.22,-1.40,20.00,191.07,337.93
1,218.02,1.00,-4.00,191.07,337.93
0,196.62,-3.60,-28.00,191.07,337.93
0,169.02,-1.20,-52.00,191.07,337.93
0,170.22,1.20,174.00,337.93,300.00
0,200.22,3.60,150.00,337.93,300.00
0,259.02,6.00,126.00,337.93,300.00
1,346.62,8.40,102.00,337.93,300.00
0,349.42,-3.40,78.00,337.93,206.82
0,324.22,-1.00,54.00,337.93,206.82
0,327.82,1.40,30.00,337.93,206.82
0,262.06,-3.20,332.00,399.62,300.00
0,240.06,-1.00,310.00,399.62,300.00
0,243.66,1.40,286.00,399.62,300.00
0,276.06,3.80,262.00,399.62,300.00
1,337.26,6.20,238.00,399.62,300.00
0,341.86,-3.60,214.00,399.62,300.00
0,314.26,-1.20,190.00,399.62,300.00
1,315.46,1.20,166.00,399.62,300.00
0,329.06,-4.60,142.00,399.62,300.00
0,289.46,-2.20,118.00,399.62,300.00
0,278.66,0.20,94.00,399.62,422.26
0,296.66,2.60,70.00,399.62,422.26
1,343.46,5.00,46.00,399.62,422.26
0,362.06,-4.00,22.00,399.62,422.26
0,329.66,-1.60,-2.00,399.62,422.26
0,326.06,0.80,-26.00,399.62,422.26
0,351.26,3.20,-50.00,399.62,422.26
1,405.26,5.60,174.00,422.26,300.00
0,417.26,-3.80,150.00,422.26,300.00
0,387.26,-1.40,126.00,422.26,300.00
0,386.06,1.00,102.00,422.26,300.00
1,413.66,3.40,78.00,422.26,448.71
0,439.46,-4.40,54.00,422.26,448.71
0,402.26,-2.00,30.00,422.26,448.71
0,393.86,0.40,6.00,422.26,448.71
1,414.26,2.80,-18.00,422.26,448.71
0,405.86,-3.60,-44.00,422.26,448.71
0,379.46,-1.40,184.00,448.71,300.00
0,378.26,1.00,160.00,448.71,300.00
0,405.86,3.40,136.00,448.71,300.00
1,462.26,5.80,112.00,448.71,300.00
0,509.66,-4.40,88.00,448.71,278.38
0,472.46,-2.00,64.00,448.71,278.38
0,464.06,0.40,40.00,448.71,278.38
1,484.46,2.80,16.00,448.71,278.38
0,468.66,-3.40,-10.00,448.71,278.38
0,444.46,-1.20,-32.00,448.71,278.38
1,445.66,1.20,-56.00,448.71,278.38
0,405.26,-2.80,170.00,278.38,300.00
1,387.26,-0.40,146.00,278.38,300.00
0,351.26,-3.20,122.00,278.38,300.00
1,328.46,-0.80,98.00,278.38,312.08
0,336.26,-5.00,72.00,278.38,312.08
0,294.46,-2.80,50.00,278.38,312.08
0,276.46,-0.40,26.00,278.38,312.08
1,287.26,2.00,2.00,278.38,312.08
0,300.46,-4.40,-22.00,278.38,312.08
0,263.26,-2.00,-46.00,278.38,312.08
0,254.86,0.40,180.00,312.08,300.00
0,275.26,2.80,156.00,312.08,300.00
1,324.46,5.20,132.00,312.08,300.00
0,390.06,-4.80,108.00,312.08,300.00
0,348.06,-2.40,84.00,312.08,383.06
1,334.86,0.00,60.00,312.08,383.06
0,350.46,-5.00,36.00,312.08,383.06
0,306.06,-2.60,12.00,312.08,383.06
0,290.46,-0.20,-12.00,312.08,383.06
0,303.66,2.20,-36.00,312.08,383.06
1,345.66,4.60,190.00,383.06,300.00
0,308.66,-2.80,166.00,383.06,300.00
0,290.66,-0.40,142.00,383.06,300.00
0,301.46,2.00,118.00,383.06,300.00
0,341.06,4.40,94.00,383.06,313.35
1,409.46,6.80,70.00,383.06,313.35
0,417.06,-3.60,46.00,383.06,313.35
0,389.46,-1.20,22.00,383.06,313.35
1,390.66,1.20,-2.00,383.06,313.35
0,359.46,-3.20,-26.00,383.06,313.35
0,336.66,-0.80,-50.00,383.06,313.35
0,342.66,1.60,176.00,313.35,300.00
1,377.46,4.00,152.00,313.35,300.00
0,408.66,-4.40,128.00,313.35,300.00
0,371.46,-2.00,104.00,313.35,300.00
0,363.06,0.40,80.00,313.35,449.83
1,383.46,2.80,56.00,313.35,449.83
0,363.86,-3.40,32.00,313.35,449.83
0,338.66,-1.00,8.00,313.35,449.83
1,342.26,1.40,-16.00,313.35,449.83
0,342.66,-4.20,-40.00,313.35,449.83
0,307.86,-1.80,186.00,449.83,300.00
0,301.86,0.60,162.00,449.83,300.00
0,324.66,3.00,138.00,449.83,300.00
0,376.26,5.40,114.00,449.83,300.00
1,456.66,7.80,90.00,449.83,290.59
0,469.26,-3.60,66.00,449.83,290.59
0,441.66,-1.20,42.00,449.83,290.59
1,442.86,1.20,18.00,449.83,290.59
0,464.46,-4.80,-6.00,449.83,290.59
0,422.46,-2.40,-30.00,449.83,290.59
0,409.26,0.00,-54.00,449.83,290.59
1,424.86,2.40,172.00,290.59,300.00
0,410.46,-3.60,148.00,290.59,300.00
1,382.86,-1.20,124.00,290.59,300.00
0,378.06,-4.80,100.00,290.59,300.00
0,336.06,-2.40,76.00,290.59,202.45
1,322.86,0.00,52.00,290.59,202.45
0,312.06,-4.20,28.00,290.59,202.45
0,277.26,-1.80,4.00,290.59,202.45
0,271.26,0.60,-20.00,290.59,202.45
0,294.06,3.00,-44.00,290.59,202.45
1,345.66,5.40,182.00,202.45,300.00
0,346.26,-3.60,158.00,202.45,300.00
0,318.66,-1.20,134.00,202.45,300.00
1,319.86,1.20,110.00,202.45,300.00
0,288.66,-3.20,86.00,202.45,182.34
1,265.86,-0.80,62.00,202.45,182.34
0,253.86,-4.40,38.00,202.45,182.34
0,216.66,-2.00,14.00,202.45,182.34
0,208.26,0.40,-10.00,202.45,182.34
1,228.66,2.80,-34.00,202.45,182.34
0,277.86,-5.00,-58.00,202.45,182.34
0,231.06,-2.40,166.00,182.34,300.00
0,217.86,-0.20,144.00,182.34,300.00
0,231.06,2.20,120.00,182.34,300.00
1,273.06,4.60,96.00,182.34,272.24
0,252.06,-3.20,72.00,182.34,272.24
1,229.26,-0.80,48.00,182.34,272.24
0,228.86,-4.80,24.00,182.34,272.24
0,186.86,-2.40,0.00,182.34,272.24
0,173.66,0.00,-24.00,182.34,272.24
0,189.26,2.40,-48.00,182.34,272.24
0,233.66,4.80,178.00,272.24,300.00
1,306.86,7.20,154.00,272.24,300.00
0,340.86,-4.00,130.00,272.24,300.00
0,308.46,-1.60,106.00,272.24,300.00
1,304.86,0.80,82.00,272.24,242.11
0,288.06,-3.80,58.00,272.24,242.11
0,258.06,-1.40,34.00,272.24,242.11
0,256.86,1.00,10.00,272.24,242.11
1,284.46,3.40,-14.00,272.24,242.11
0,275.06,-3.60,-38.00,272.24,242.11
0,247.46,-1.20,188.00,242.11,300.00
0,248.66,1.20,164.00,242.11,300.00
1,278.66,3.60,140.00,242.11,300.00
0,247.46,-3.00,116.00,242.11,300.00
0,227.06,-0.60,92.00,242.11,270.73
0,235.46,1.80,68.00,242.11,270.73
1,272.66,4.20,44.00,242.11,270.73
0,276.26,-3.80,20.00,242.11,270.73
0,246.26,-1.40,-4.00,242.11,270.73
0,245.06,1.00,-28.00,242.11,270.73
1,272.66,3.40,-52.00,242.11,270.73
0,248.06,-3.20,174.00,270.73,300.00
0,225.26,-0.80,150.00,270.73,300.00
0,231.26,1.60,126.00,270.73,300.00
1,266.06,4.00,102.00,270.73,300.00
0,297.26,-4.40,78.00,270.73,362.47
0,260.06,-2.00,54.00,270.73,362.47
0,251.66,0.40,30.00,270.73,362.47
1,272.06,2.80,6.00,270.73,362.47
0,283.66,-4.20,-18.00,270.73,362.47
0,247.26,-1.60,-44.00,270.73,362.47
0,242.86,0.60,184.00,362.47,300.00
0,265.66,3.00,160.00,362.47,300.00
1,317.26,5.40,136.00,362.47,300.00
0,405.66,-5.00,110.00,362.47,300.00
0,363.86,-2.80,88.00,362.47,414.15
0,345.86,-0.40,64.00,362.47,414.15
0,356.66,2.00,40.00,362.47,414.15
1,396.26,4.40,16.00,362.47,414.15
0,374.66,-3.20,-8.00,362.47,414.15
0,351.86,-0.80,-32.00,362.47,414.15
0,357.86,1.60,-56.00,362.47,414.15
1,392.66,4.00,170.00,414.15,300.00
0,366.86,-3.00,144.00,414.15,300.00
0,347.06,-0.80,122.00,414.15,300.00
0,353.06,1.60,98.00,414.15,431.87
0,387.86,4.00,74.00,414.15,431.87
1,451.46,6.40,50.00,414.15,431.87
0,457.06,-3.60,26.00,414.15,431.87
0,429.46,-1.20,2.00,414.15,431.87
1,430.66,1.20,-22.00,414.15,431.87
0,422.66,-4.00,-46.00,414.15,431.87
0,390.26,-1.60,180.00,431.87,300.00
0,386.66,0.80,156.00,431.87,300.00
1,411.86,3.20,132.00,431.87,300.00
0,426.66,-4.20,108.00,431.87,300.00
0,391.86,-1.80,84.00,431.87,257.90
0,385.86,0.60,60.00,431.87,257.90
0,408.66,3.00,36.00,431.87,257.90
1,460.26,5.40,12.00,431.87,257.90
0,471.06,-3.80,-12.00,431.87,257.90
0,441.06,-1.40,-36.00,431.87,257.90
1,439.86,1.00,190.00,257.90,300.00
0,400.66,-2.80,164.00,257.90,300.00
1,383.06,-0.60,142.00,257.90,300.00
0,346.46,-3.20,118.00,257.90,300.00
1,323.66,-0.80,94.00,257.90,334.07
0,293.26,-3.60,70.00,257.90,334.07
0,265.66,-1.20,46.00,257.90,334.07
1,266.86,1.20,22.00,257.90,334.07
0,272.86,-4.40,-2.00,257.90,334.07
0,235.66,-2.00,-26.00,257.90,334.07
0,227.26,0.40,-50.00,257.90,334.07
1,247.66,2.80,176.00,334.07,300.00
0,302.26,-5.00,150.00,334.07,300.00
0,260.46,-2.80,128.00,334.07,300.00
0,242.46,-0.40,104.00,334.07,300.00
0,253.26,2.00,80.00,334.07,169.16
0,292.86,4.40,56.00,334.07,169.16
1,361.26,6.80,32.00,334.07,169.16
0,368.86,-3.60,8.00,334.07,169.16
0,341.26,-1.20,-16.00,334.07,169.16
1,342.46,1.20,-40.00,334.07,169.16
0,376.26,-5.00,184.00,169.16,300.00
1,334.46,-2.80,162.00,169.16,300.00
0,316.26,-5.00,136.00,169.16,300.00
0,271.86,-2.60,112.00,169.16,300.00
1,256.46,-0.40,90.00,169.16,184.72
0,237.26,-4.00,66.00,169.16,184.72
1,204.86,-1.60,42.00,169.16,184.72
0,201.26,-5.00,18.00,169.16,184.72
0,156.86,-2.60,-6.00,169.16,184.72
0,141.26,-0.20,-30.00,169.16,184.72
0,154.46,2.20,-54.00,169.16,184.72
1,196.46,4.60,172.00,184.72,300.00
0,172.46,-3.00,146.00,184.72,300.00
0,152.66,-0.80,124.00,184.72,300.00
1,158.66,1.60,100.00,184.72,300.00
0,184.66,-4.80,76.00,184.72,265.51
0,142.66,-2.40,52.00,184.72,265.51
0,129.46,0.00,28.00,184.72,265.51
0,145.06,2.40,4.00,184.72,265.51
1,189.46,4.80,-20.00,184.72,265.51
0,227.86,-4.40,-44.00,184.72,265.51
0,190.66,-2.00,182.00,265.51,300.00
0,182.26,0.40,158.00,265.51,300.00
0,202.66,2.80,134.00,265.51,300.00
1,251.86,5.20,110.00,265.51,300.00
0,337.66,-5.00,84.00,265.51,310.48
0,295.86,-2.80,62.00,265.51,310.48
1,277.86,-0.40,38.00,265.51,310.48
0,269.46,-4.40,14.00,265.51,310.48
0,232.26,-2.00,-10.00,265.51,310.48
0,223.86,0.40,-34.00,265.51,310.48
1,244.26,2.80,-58.00,265.51,310.48
0,293.46,-5.00,168.00,310.48,300.00
0,249.06,-2.60,144.00,310.48,300.00
0,233.46,-0.20,120.00,310.48,300.00
0,246.66,2.20,96.00,310.48,200.29
0,288.66,4.60,72.00,310.48,200.29
1,359.46,7.00,48.00,310.48,200.29
0,345.66,-3.20,24.00,310.48,200.29
0,322.86,-0.80,0.00,310.48,200.29
1,328.86,1.60,-24.00,310.48,200.29
0,323.66,-4.00,-48.00,310.48,200.29
0,291.26,-1.60,178.00,200.29,300.00
1,287.66,0.80,154.00,200.29,300.00
0,290.06,-4.40,130.00,200.29,300.00
0,252.86,-2.00,106.00,200.29,300.00
1,244.46,0.40,82.00,200.29,220.62
0,230.86,-4.00,58.00,200.29,220.62
0,198.46,-1.60,34.00,200.29,220.62
0,194.86,0.80,10.00,200.29,220.62
1,220.06,3.20,-14.00,200.29,220.62
0,209.66,-3.60,-38.00,200.29,220.62
0,182.06,-1.20,188.00,220.62,300.00
0,183.26,1.20,164.00,220.62,300.00
1,213.26,3.60,140.00,220.62,300.00
0,261.26,-4.80,116.00,220.62,300.00
0,219.26,-2.40,92.00,220.62,208.61
0,206.06,0.00,68.00,220.62,208.61
0,221.66,2.40,44.00,220.62,208.61
1,266.06,4.80,20.00,220.62,208.61
0,242.66,-3.00,-6.00,220.62,208.61
0,222.86,-0.80,-28.00,220.62,208.61
0,228.86,1.60,-52.00,220.62,208.61
1,263.66,4.00,174.00,208.61,300.00
0,226.06,-2.80,150.00,208.61,300.00
0,208.06,-0.40,126.00,208.61,300.00
0,218.86,2.00,102.00,208.61,300.00
1,258.46,4.40,78.00,208.61,357.47
0,233.86,-3.00,52.00,208.61,357.47
1,214.06,-0.80,30.00,208.61,357.47
0,220.06,-5.00,6.00,208.61,357.47
0,175.66,-2.60,-18.00,208.61,357.47
0,160.06,0.00,-44.00,208.61,357.47
0,173.26,2.20,184.00,357.47,300.00
1,215.26,4.60,160.00,357.47,300.00
0,251.86,-4.40,136.00,357.47,300.00
0,214.66,-2.00,112.00,357.47,300.00
0,206.26,0.40,88.00,357.47,339.71
0,226.66,2.80,64.00,357.47,339.71
0,275.86,5.20,40.00,357.47,339.71
1,353.86,7.60,16.00,357.47,339.71
0,341.86,-3.20,-8.00,357.47,339.71
0,319.06,-0.80,-32.00,357.47,339.71
0,325.06,1.60,-56.00,357.47,339.71
1,359.86,4.00,170.00,339.71,300.00
0,329.46,-3.00,146.00,339.71,300.00
0,309.06,-0.60,122.00,339.71,300.00
0,317.46,1.80,98.00,339.71,352.39
1,354.66,4.20,74.00,339.71,352.39
0,420.66,-5.00,50.00,339.71,352.39
1,376.26,-2.60,26.00,339.71,352.39
0,360.66,-5.00,0.00,339.71,352.39
0,318.86,-2.80,-22.00,339.71,352.39
0,300.86,-0.40,-46.00,339.71,352.39
0,311.66,2.00,180.00,352.39,300.00
1,351.26,4.40,156.00,352.39,300.00
0,352.46,-3.60,130.00,352.39,300.00
0,326.06,-1.40,108.00,352.39,300.00
0,324.86,1.00,84.00,352.39,412.65
1,352.46,3.40,60.00,352.39,412.65
0,343.06,-3.60,36.00,352.39,412.65
0,315.46,-1.20,12.00,352.39,412.65
0,316.66,1.20,-12.00,352.39,412.65
1,346.66,3.60,-36.00,352.39,412.65
0,374.26,-4.40,190.00,412.65,300.00
0,337.06,-2.00,166.00,412.65,300.00
0,328.66,0.40,142.00,412.65,300.00
0,349.06,2.80,118.00,412.65,300.00
1,398.26,5.20,94.00,412.65,222.82
0,376.06,-3.00,68.00,412.65,222.82
0,356.26,-0.80,46.00,412.65,222.82
0,362.26,1.60,22.00,412.65,222.82
1,397.06,4.00,-2.00,412.65,222.82
0,467.26,-5.00,-28.00,412.65,222.82
1,425.46,-2.80,-50.00,412.65,222.82
0,407.46,-5.00,176.00,222.82,300.00
0,363.06,-2.60,152.00,222.82,300.00
1,347.46,-0.20,128.00,222.82,300.00
0,305.66,-2.80,104.00,222.82,300.00
0,287.66,-0.40,80.00,222.82,177.66
1,298.46,2.00,56.00,222.82,177.66
0,282.06,-3.60,32.00,222.82,177.66
0,254.46,-1.20,8.00,222.82,177.66
0,255.66,1.20,-16.00,222.82,177.66
0,287.48,-4.40,344.00,376.31,300.00
0,250.28,-2.00,320.00,376.31,300.00
0,241.88,0.40,296.00,376.31,300.00
1,262.28,2.80,272.00,376.31,300.00
0,301.48,-4.80,248.00,376.31,300.00
0,259.48,-2.40,224.00,376.31,300.00
0,246.28,0.00,200.00,376.31,300.00
0,261.88,2.40,176.00,376.31,300.00
0,306.28,4.80,152.00,376.31,300.00
1,379.48,7.20,128.00,376.31,300.00
0,363.28,-3.00,102.00,376.31,300.00
0,343.48,-0.80,80.00,376.31,341.09
1,349.48,1.60,56.00,376.31,341.09
0,388.48,-5.00,30.00,376.31,341.09
0,346.68,-2.80,8.00,376.31,341.09
0,328.68,-0.40,-16.00,376.31,341.09
0,339.48,2.00,-40.00,376.31,341.09
1,379.08,4.40,184.00,341.09,300.00
0,413.88,-4.40,160.00,341.09,300.00
0,376.68,-2.00,136.00,341.09,300.00
1,368.28,0.40,112.00,341.09,300.00
0,381.08,-4.80,88.00,341.09,350.65
0,339.08,-2.40,64.00,341.09,350.65
0,325.88,0.00,40.00,341.09,350.65
1,341.48,2.40,16.00,341.09,350.65
0,376.28,-4.80,-8.00,341.09,350.65
0,334.28,-2.40,-32.00,341.09,350.65
0,321.08,0.00,-56.00,341.09,350.65
0,336.68,2.40,170.00,350.65,300.00
1,381.08,4.80,146.00,350.65,300.00
0,375.28,-3.40,120.00,350.65,300.00
0,351.08,-1.20,98.00,350.65,303.82
1,352.28,1.20,74.00,350.65,303.82
0,382.28,-5.00,50.00,350.65,303.82
0,337.88,-2.60,26.00,350.65,303.82
0,322.28,-0.20,2.00,350.65,303.82
1,335.48,2.20,-22.00,350.65,303.82
0,382.28,-5.00,-48.00,350.65,303.82
0,340.48,-2.80,180.00,303.82,300.00
0,322.48,-0.40,156.00,303.82,300.00
0,333.28,2.00,132.00,303.82,300.00
1,372.88,4.40,108.00,303.82,300.00
0,387.28,-4.00,84.00,303.82,324.27
0,354.88,-1.60,60.00,303.82,324.27
1,351.28,0.80,36.00,303.82,324.27
0,353.68,-4.40,12.00,303.82,324.27
0,316.48,-2.00,-12.00,303.82,324.27
0,308.08,0.40,-36.00,303.82,324.27
1,328.48,2.80,190.00,324.27,300.00
0,348.88,-4.40,166.00,324.27,300.00
0,311.68,-2.00,142.00,324.27,300.00
0,303.28,0.40,118.00,324.27,300.00
1,323.68,2.80,94.00,324.27,199.00
0,378.28,-5.00,68.00,324.27,199.00
0,336.48,-2.80,46.00,324.27,199.00
0,318.48,-0.40,22.00,324.27,199.00
0,329.28,2.00,-2.00,324.27,199.00
0,296.62,-4.80,348.00,175.83,300.00
0,254.62,-2.40,324.00,175.83,300.00
0,241.42,0.00,300.00,175.83,300.00
1,257.02,2.40,276.00,175.83,300.00
0,291.82,-4.80,252.00,175.83,300.00
0,249.82,-2.40,228.00,175.83,300.00
0,236.62,0.00,204.00,175.83,300.00
1,252.22,2.40,180.00,175.83,300.00
0,252.62,-4.00,156.00,175.83,300.00
0,220.22,-1.60,132.00,175.83,300.00
0,216.62,0.80,108.00,175.83,300.00
1,241.82,3.20,84.00,175.83,163.19
0,203.42,-2.80,60.00,175.83,163.19
1,185.42,-0.40,36.00,175.83,163.19
0,189.42,-4.80,12.00,175.83,163.19
0,147.42,-2.40,-12.00,175.83,163.19
0,134.22,0.00,-36.00,175.83,163.19
0,149.82,2.40,188.00,163.19,300.00
1,194.22,4.80,164.00,163.19,300.00
0,191.82,-3.60,140.00,163.19,300.00
0,164.22,-1.20,116.00,163.19,300.00
0,165.42,1.20,92.00,163.19,408.64
1,195.42,3.60,68.00,163.19,408.64
0,171.42,-3.20,44.00,163.19,408.64
0,148.62,-0.80,20.00,163.19,408.64
1,154.62,1.60,-4.00,163.19,408.64
0,142.62,-3.80,-28.00,163.19,408.64
0,112.62,-1.40,-52.00,163.19,408.64
0,111.42,1.00,174.00,408.64,300.00
0,139.02,3.40,150.00,408.64,300.00
0,195.42,5.80,126.00,408.64,300.00
0,280.62,8.20,102.00,408.64,300.00
1,394.62,10.60,78.00,408.64,285.20
0,468.62,-4.20,54.00,408.64,285.20
0,433.82,-1.80,30.00,408.64,285.20
1,427.82,0.60,6.00,408.64,285.20
0,442.82,-4.80,-18.00,408.64,285.20
0,398.62,-2.20,-44.00,408.64,285.20
1,387.62,0.00,184.00,285.20,300.00
0,382.82,-4.40,160.00,285.20,300.00
0,345.62,-2.00,136.00,285.20,300.00
0,337.22,0.40,112.00,285.20,300.00
1,357.62,2.80,88.00,285.20,346.50
0,331.22,-3.20,64.00,285.20,346.50
0,308.42,-0.80,40.00,285.20,346.50
1,314.42,1.60,16.00,285.20,346.50
0,274.42,-2.80,-8.00,285.20,346.50
0,256.42,-0.40,-32.00,285.20,346.50
0,267.22,2.00,-56.00,285.20,346.50
0,306.82,4.40,170.00,346.50,300.00
1,375.22,6.80,146.00,346.50,300.00
0,444.82,-4.60,122.00,346.50,300.00
0,405.22,-2.20,98.00,346.50,231.18
0,394.42,0.20,74.00,346.50,231.18
1,412.42,2.60,50.00,346.50,231.18
0,392.02,-3.40,26.00,346.50,231.18
0,366.82,-1.00,2.00,346.50,231.18
1,370.42,1.40,-22.00,346.50,231.18
0,351.02,-3.60,-46.00,346.50,231.18
1,323.42,-1.20,180.00,231.18,300.00
0,326.02,-5.00,154.00,231.18,300.00
0,284.22,-2.80,132.00,231.18,300.00
1,266.22,-0.40,108.00,231.18,300.00
0,247.02,-4.00,84.00,231.18,443.24
0,214.62,-1.60,60.00,231.18,443.24
0,211.02,0.80,36.00,231.18,443.24
1,236.22,3.20,12.00,231.18,443.24
0,204.22,-3.00,-12.00,231.18,443.24
0,183.82,-0.60,-36.00,231.18,443.24
0,192.22,1.80,190.00,443.24,300.00
0,229.42,4.20,166.00,443.24,300.00
0,295.42,6.60,142.00,443.24,300.00
1,390.22,9.00,118.00,443.24,300.00
0,497.62,-4.80,94.00,443.24,396.42
0,455.62,-2.40,70.00,443.24,396.42
1,442.42,0.00,46.00,443.24,396.42
0,426.02,-4.00,22.00,443.24,396.42
0,393.62,-1.60,-2.00,443.24,396.42
0,390.02,0.80,-26.00,443.24,396.42
1,415.22,3.20,-50.00,443.24,396.42
0,448.82,-4.60,176.00,396.42,300.00
0,409.22,-2.20,152.00,396.42,300.00
0,398.42,0.20,128.00,396.42,300.00
1,416.42,2.60,104.00,396.42,300.00
0,418.22,-4.00,80.00,396.42,380.77
0,385.82,-1.60,56.00,396.42,380.77
0,382.22,0.80,32.00,396.42,380.77
1,407.42,3.20,8.00,396.42,380.77
0,382.22,-3.20,-16.00,396.42,380.77
0,359.42,-0.80,-40.00,396.42,380.77
0,365.42,1.60,186.00,380.77,300.00
1,400.22,4.00,162.00,380.77,300.00
0,385.42,-3.40,138.00,380.77,300.00
0,360.22,-1.00,114.00,380.77,300.00
0,363.82,1.40,90.00,380.77,234.82
1,396.22,3.80,66.00,380.77,234.82
0,435.82,-4.60,42.00,380.77,234.82
0,396.22,-2.20,18.00,380.77,234.82
1,385.42,0.20,-6.00,380.77,234.82
0,406.22,-5.00,-32.00,380.77,234.82
0,364.42,-2.80,-54.00,380.77,234.82
1,346.42,-0.40,172.00,234.82,300.00
0,307.22,-3.00,148.00,234.82,300.00
1,286.82,-0.60,124.00,234.82,300.00
0,276.62,-4.40,100.00,234.82,300.00
0,239.42,-2.00,76.00,234.82,269.45
0,231.02,0.40,52.00,234.82,269.45
1,251.42,2.80,28.00,234.82,269.45
0,239.02,-3.60,4.00,234.82,269.45
0,211.42,-1.20,-20.00,234.82,269.45
0,212.62,1.20,-44.00,234.82,269.45
1,242.62,3.60,182.00,269.45,300.00
0,242.62,-3.80,158.00,269.45,300.00
0,212.62,-1.40,134.00,269.45,300.00
0,211.42,1.00,110.00,269.45,300.00
1,239.02,3.40,86.00,269.45,288.78
0,284.82,-4.80,62.00,269.45,288.78
0,242.82,-2.40,38.00,269.45,288.78
0,229.62,0.00,14.00,269.45,288.78
0,245.22,2.40,-10.00,269.45,288.78
1,289.62,4.80,-34.00,269.45,288.78
0,269.22,-3.20,-58.00,269.45,288.78
0,246.42,-0.80,168.00,288.78,300.00
0,252.42,1.60,144.00,288.78,300.00
1,287.22,4.00,120.00,288.78,300.00
0,298.82,-4.00,96.00,288.78,302.61
0,266.42,-1.60,72.00,288.78,302.61
0,262.82,0.80,48.00,288.78,302.61
1,288.02,3.20,24.00,288.78,302.61
0,347.82,-5.00,-2.00,288.78,302.61
0,306.02,-2.80,-24.00,288.78,302.61
0,288.02,-0.40,-48.00,288.78,302.61
1,298.82,2.00,178.00,302.61,300.00
0,338.42,-5.00,154.00,302.61,300.00
0,294.02,-2.60,130.00,302.61,300.00
0,278.42,-0.20,106.00,302.61,300.00
1,291.62,2.20,82.00,302.61,394.20
0,269.62,-3.40,58.00,302.61,394.20
0,244.42,-1.00,34.00,302.61,394.20
0,248.02,1.40,10.00,302.61,394.20
1,280.42,3.80,-14.00,302.61,394.20
0,348.02,-5.00,-40.00,302.61,394.20
0,303.62,-2.60,186.00,394.20,300.00
0,288.22,-0.40,164.00,394.20,300.00
0,299.02,2.00,140.00,394.20,300.00
0,338.62,4.40,116.00,394.20,300.00
1,407.02,6.80,92.00,394.20,191.44
0,463.42,-4.40,68.00,394.20,191.44
0,426.22,-2.00,44.00,394.20,191.44
1,417.82,0.40,20.00,394.20,191.44
0,384.22,-3.20,-4.00,394.20,191.44
0,361.42,-0.80,-28.00,394.20,191.44
0,367.42,1.60,-52.00,394.20,191.44
1,402.22,4.00,174.00,191.44,300.00
0,364.62,-2.80,150.00,191.44,300.00
1,346.62,-0.40,126.00,191.44,300.00
0,307.62,-3.00,100.00,191.44,300.00
1,287.82,-0.80,78.00,191.44,226.96
0,253.82,-3.40,54.00,191.44,226.96
1,228.62,-1.00,30.00,191.44,226.96
0,209.82,-4.20,6.00,191.44,226.96
0,175.02,-1.80,-18.00,191.44,226.96
0,169.82,0.80,-44.00,191.44,226.96
0,191.82,3.00,184.00,226.96,300.00
1,243.42,5.40,160.00,226.96,300.00
0,221.82,-3.00,134.00,226.96,300.00
0,202.02,-0.80,112.00,226.96,300.00
0,208.02,1.60,88.00,226.96,299.92
1,242.82,4.00,64.00,226.96,299.92
0,274.02,-4.40,40.00,226.96,299.92
0,236.82,-2.00,16.00,226.96,299.92
0,228.42,0.40,-8.00,226.96,299.92
1,248.82,2.80,-32.00,226.96,299.92
0,236.42,-3.60,-56.00,226.96,299.92
0,208.82,-1.20,170.00,299.92,300.00
0,210.02,1.20,146.00,299.92,300.00
0,240.02,3.60,122.00,299.92,300.00
1,298.82,6.00,98.00,299.92,225.86
0,360.42,-4.60,74.00,299.92,225.86
0,320.82,-2.20,50.00,299.92,225.86
0,310.02,0.20,26.00,299.92,225.86
1,328.02,2.60,2.00,299.92,225.86
0,346.62,-4.40,-22.00,299.92,225.86
0,309.42,-2.00,-46.00,299.92,225.86
0,301.02,0.40,180.00,225.86,300.00
1,321.42,2.80,156.00,225.86,300.00
0,282.62,-2.80,132.00,225.86,300.00
1,264.62,-0.40,108.00,225.86,300.00
0,262.22,-4.60,84.00,225.86,228.93
0,222.62,-2.20,60.00,225.86,228.93
0,211.82,0.20,36.00,225.86,228.93
1,229.82,2.60,12.00,225.86,228.93
0,231.62,-4.00,-12.00,225.86,228.93
0,199.22,-1.60,-36.00,225.86,228.93
0,195.62,0.80,190.00,228.93,300.00
0,220.82,3.20,166.00,228.93,300.00
1,274.82,5.60,142.00,228.93,300.00
0,276.42,-3.60,118.00,228.93,300.00
0,248.82,-1.20,94.00,228.93,434.94
0,250.02,1.20,70.00,228.93,434.94
1,280.02,3.60,46.00,228.93,434.94
0,280.02,-3.80,22.00,228.93,434.94
0,250.02,-1.40,-2.00,228.93,434.94
0,248.82,1.00,-26.00,228.93,434.94
1,276.42,3.40,-50.00,228.93,434.94
0,238.22,-2.80,176.00,434.94,300.00
0,220.22,-0.40,152.00,434.94,300.00
0,231.02,2.00,128.00,434.94,300.00
0,270.62,4.40,104.00,434.94,300.00
0,339.02,6.80,80.00,434.94,323.01
1,436.22,9.20,56.00,434.94,323.01
0,401.22,-2.60,30.00,434.94,323.01
0,385.82,-0.40,8.00,434.94,323.01
0,396.62,2.00,-16.00,434.94,323.01
1,436.22,4.40,-40.00,434.94,323.01
0,450.62,-4.00,186.00,323.01,300.00
0,418.22,-1.60,162.00,323.01,300.00
1,414.62,0.80,138.00,323.01,300.00
0,382.22,-3.20,114.00,323.01,300.00
0,359.42,-0.80,90.00,323.01,431.57
1,365.42,1.60,66.00,323.01,431.57
0,391.42,-4.80,42.00,323.01,431.57
0,347.22,-2.20,16.00,323.01,431.57
0,336.22,0.00,-6.00,323.01,431.57
1,351.82,2.40,-30.00,323.01,431.57
0,334.02,-3.40,-56.00,323.01,431.57
0,309.82,-1.20,172.00,431.57,300.00
0,311.02,1.20,148.00,431.57,300.00
0,341.02,3.60,124.00,431.57,300.00
1,399.82,6.00,100.00,431.57,300.00
0,474.22,-4.80,76.00,431.57,420.58
0,432.22,-2.40,52.00,431.57,420.58
0,419.02,0.00,28.00,431.57,420.58
1,434.62,2.40,4.00,431.57,420.58
0,469.42,-4.80,-20.00,431.57,420.58
0,427.42,-2.40,-44.00,431.57,420.58
0,414.22,0.00,182.00,420.58,300.00
1,429.82,2.40,158.00,420.58,300.00
0,430.22,-4.00,134.00,420.58,300.00
0,397.82,-1.60,110.00,420.58,300.00
0,394.22,0.80,86.00,420.58,171.67
0,419.42,3.20,62.00,420.58,171.67
1,473.42,5.60,38.00,420.58,171.67
0,446.22,-3.00,14.00,420.58,171.67
1,425.82,-0.60,-10.00,420.58,171.67
0,415.62,-4.40,-34.00,420.58,171.67
1,378.42,-2.00,-58.00,420.58,171.67
0,364.82,-4.80,168.00,171.67,300.00
0,322.82,-2.40,144.00,171.67,300.00
1,309.62,0.00,120.00,171.67,300.00
0,304.82,-4.40,96.00,171.67,294.69
0,267.62,-2.00,72.00,171.67,294.69
1,259.22,0.40,48.00,171.67,294.69
0,240.02,-3.80,24.00,171.67,294.69
1,210.02,-1.40,0.00,171.67,294.69
0,197.62,-4.60,-24.00,171.67,294.69
0,158.02,-2.20,-48.00,171.67,294.69
0,147.22,0.20,178.00,294.69,300.00
0,165.22,2.60,154.00,294.69,300.00
0,212.02,5.00,130.00,294.69,300.00
1,287.62,7.40,106.00,294.69,300.00
0,336.02,-4.20,82.00,294.69,409.01
0,301.22,-1.80,58.00,294.69,409.01
0,295.22,0.60,34.00,294.69,409.01
1,318.02,3.00,10.00,294.69,409.01
0,306.62,-3.60,-14.00,294.69,409.01
1,279.02,-1.20,-38.00,294.69,409.01
0,280.22,-5.00,188.00,409.01,300.00
0,235.82,-2.60,164.00,409.01,300.00
0,220.22,-0.20,140.00,409.01,300.00
0,233.42,2.20,116.00,409.01,300.00
0,275.42,4.60,92.00,409.01,388.27
1,346.22,7.00,68.00,409.01,388.27
0,455.42,-5.00,42.00,409.01,388.27
0,413.62,-2.80,20.00,409.01,388.27
0,395.62,-0.40,-4.00,409.01,388.27
1,406.42,2.00,-28.00,409.01,388.27
0,411.62,-4.20,-52.00,409.01,388.27
0,376.82,-1.80,174.00,388.27,300.00
0,370.82,0.60,150.00,388.27,300.00
1,393.62,3.00,126.00,388.27,300.00
0,435.02,-4.80,102.00,388.27,300.00
0,393.02,-2.40,78.00,388.27,164.60
0,379.82,0.00,54.00,388.27,164.60
1,395.42,2.40,30.00,388.27,164.60
0,430.22,-4.80,6.00,388.27,164.60
0,388.22,-2.40,-18.00,388.27,164.60
1,375.22,0.20,-44.00,388.27,164.60
0,393.22,-5.00,182.00,164.60,300.00
1,351.42,-2.80,160.00,164.60,300.00
0,333.22,-5.00,134.00,164.60,300.00
1,291.42,-2.80,112.00,164.60,300.00
0,273.22,-5.00,86.00,164.60,245.55
0,231.42,-2.80,64.00,164.60,245.55
1,213.42,-0.40,40.00,164.60,245.55
0,189.42,-3.80,16.00,164.60,245.55
0,159.42,-1.40,-8.00,164.60,245.55
0,158.22,1.00,-32.00,164.60,245.55
1,185.82,3.40,-56.00,164.60,245.55
0,145.02,-2.60,168.00,245.55,300.00
0,129.62,-0.40,146.00,245.55,300.00
0,140.42,2.00,122.00,245.55,300.00
0,180.02,4.40,98.00,245.55,324.76
1,248.42,6.80,74.00,245.55,324.76
0,279.62,-4.00,50.00,245.55,324.76
0,247.22,-1.60,26.00,245.55,324.76
0,243.62,0.80,2.00,245.55,324.76
1,268.82,3.20,-22.00,245.55,324.76
0,243.62,-3.20,-46.00,245.55,324.76
0,220.82,-0.80,180.00,324.76,300.00
0,226.82,1.60,156.00,324.76,300.00
0,261.62,4.00,132.00,324.76,300.00
1,325.22,6.40,108.00,324.76,300.00
0,404.02,-4.80,84.00,324.76,435.74
0,362.02,-2.40,60.00,324.76,435.74
0,348.82,0.00,36.00,324.76,435.74
1,364.42,2.40,12.00,324.76,435.74
0,364.82,-4.00,-12.00,324.76,435.74
0,332.42,-1.60,-36.00,324.76,435.74
1,328.82,0.80,190.00,435.74,300.00
0,306.42,-3.60,166.00,435.74,300.00
0,278.82,-1.20,142.00,435.74,300.00
0,280.02,1.20,118.00,435.74,300.00
0,310.02,3.60,94.00,435.74,186.39
0,368.82,6.00,70.00,435.74,186.39
1,456.42,8.40,46.00,435.74,186.39
0,459.22,-3.40,22.00,435.74,186.39
0,434.02,-1.00,-2.00,435.74,186.39
1,437.62,1.40,-26.00,435.74,186.39
0,431.02,-4.00,-50.00,435.74,186.39
1,398.62,-1.60,176.00,186.39,300.00
0,371.02,-4.00,152.00,186.39,300.00
1,338.62,-1.60,128.00,186.39,300.00
0,296.02,-3.00,102.00,186.39,300.00
1,276.22,-0.80,80.00,186.39,335.17
0,264.22,-4.40,56.00,186.39,335.17
0,227.02,-2.00,32.00,186.39,335.17
1,218.62,0.40,8.00,186.39,335.17
0,189.42,-3.40,-16.00,186.39,335.17
0,164.22,-1.00,-40.00,186.39,335.17
0,167.82,1.40,186.00,335.17,300.00
0,200.22,3.80,162.00,335.17,300.00
0,261.42,6.20,138.00,335.17,300.00
1,351.42,8.60,114.00,335.17,300.00
0,318.42,-2.80,90.00,335.17,265.03
0,300.42,-0.40,66.00,335.17,265.03
0,311.22,2.00,42.00,335.17,265.03
1,350.82,4.40,18.00,335.17,265.03
0,375.22,-4.20,-6.00,335.17,265.03
0,340.42,-1.80,-30.00,335.17,265.03
1,334.42,0.60,-54.00,335.17,265.03
0,322.22,-4.00,172.00,265.03,300.00
0,289.82,-1.60,148.00,265.03,300.00
0,286.22,0.80,124.00,265.03,300.00
1,311.42,3.20,100.00,265.03,300.00
0,301.02,-3.60,76.00,265.03,434.61
0,273.42,-1.20,52.00,265.03,434.61
1,274.62,1.20,28.00,265.03,434.61
0,254.22,-3.60,4.00,265.03,434.61
0,226.62,-1.20,-20.00,265.03,434.61
0,227.82,1.20,-44.00,265.03,434.61
0,257.82,3.60,182.00,434.61,300.00
0,316.62,6.00,158.00,434.61,300.00
0,404.22,8.40,134.00,434.61,300.00
1,520.62,10.80,110.00,434.61,300.00
0,487.22,-2.60,84.00,434.61,404.64
0,471.82,-0.40,62.00,434.61,404.64
1,482.62,2.00,38.00,434.61,404.64
0,453.82,-3.20,14.00,434.61,404.64
0,431.02,-0.80,-10.00,434.61,404.64
1,437.02,1.60,-34.00,434.61,404.64
0,439.02,-4.20,-58.00,434.61,404.64
0,404.22,-1.80,168.00,404.64,300.00
0,398.22,0.60,144.00,404.64,300.00
1,421.02,3.00,120.00,404.64,300.00
0,417.42,-3.80,96.00,404.64,196.70
0,387.42,-1.40,72.00,404.64,196.70
0,386.22,1.00,48.00,404.64,196.70
1,413.82,3.40,24.00,404.64,196.70
0,375.62,-2.80,0.00,404.64,196.70
1,357.62,-0.40,-24.00,404.64,196.70
0,368.42,-5.00,-48.00,404.64,196.70
0,324.02,-2.60,178.00,196.70,300.00
1,308.42,-0.20,154.00,196.70,300.00
0,273.62,-3.20,128.00,196.70,300.00
1,251.62,-1.00,106.00,196.70,300.00
0,228.22,-4.00,82.00,196.70,165.15
0,195.82,-1.60,58.00,196.70,165.15
1,192.22,0.80,34.00,196.70,165.15
0,155.42,-3.00,10.00,196.70,165.15
0,135.02,-0.60,-14.00,196.70,165.15
0,143.42,1.80,-38.00,196.70,165.15
0,180.62,4.20,188.00,165.15,300.00
1,246.62,6.60,164.00,165.15,300.00
0,231.62,-3.20,140.00,165.15,300.00
0,208.82,-0.80,116.00,165.15,300.00
0,214.82,1.60,92.00,165.15,185.18
1,249.62,4.00,68.00,165.15,185.18
0,243.22,-3.60,44.00,165.15,185.18
1,215.62,-1.20,20.00,165.15,185.18
0,205.22,-4.60,-4.00,165.15,185.18
0,165.62,-2.20,-28.00,165.15,185.18
0,154.82,0.20,-52.00,165.15,185.18
0,172.82,2.60,174.00,185.18,300.00
1,219.62,5.00,150.00,185.18,300.00
0,283.02,-4.80,126.00,185.18,300.00
0,241.02,-2.40,102.00,185.18,300.00
1,227.82,0.00,78.00,185.18,204.20
0,236.22,-4.80,54.00,185.18,204.20
0,194.22,-2.40,30.00,185.18,204.20
0,181.02,0.00,6.00,185.18,204.20
0,196.62,2.40,-18.00,185.18,204.20